boost,R,PR,NR
base,0.254732481,0.33288092,0.412386599
10%,0.34338167,0.260947211,0.395671119
20%,0.488249161,0.123223087,0.388527752
30%,0.596899779,0.011215087,0.391885135
40%,0.600900064,7.14E-05,0.399028502
