boost,R,PR,NR
base,0.234945353,0.229516394,0.535538253
10%,0.281234374,0.211800843,0.506964783
20%,0.362097293,0.178655618,0.459247089
30%,0.459818558,0.131652261,0.408529181
40%,0.552325166,0.07836274,0.369312094
